,Ward 1,Ward 2,Ward 3,Ward 4,Ward 5,Ward 6,Ward 7,Ward 8,Ward 9,Ward 10,Ward 11,Ward 12,Ward 13,Ward 14,Ward 15,Ward 16,Ward 17,Ward 18,Ward 19,Ward 20,Ward 21,Ward 22,Ward 23,Ward 24,Ward 25,Ward 26,Ward 27,Ward 28,Ward 29,Ward 30,Ward 31,Ward 32,Ward 33,Ward 34,Ward 35,Ward 36,Ward 37,Ward 38,Ward 39,Ward 40,Ward 41,Ward 42,Ward 43,Ward 44
Population_Total_Age,0.7296098282,0.6494141736,0.8053691275,0.8507564555,0.4744625185,0.884882266,0.4249800933,0.5809350472,0.4278239108,0.9070640428,0.772380844,0.5548856785,0.6422477534,0.6560118303,0.792970083,0.8946649983,0.852462746,1,0.9963599135,0.1759754294,0,0.3086110795,0.4298714594,0.312251166,0.3476282562,0.6605619383,0.7054942555,0.6182459333,0.6620407235,0.4530770106,0.7467864862,0.9004663861,0.6088044591,0.6723922193,0.8321010124,0.7268797634,0.5768399499,0.8235695598,0.8371061313,0.8902286429,0.9525651234,0.7412126038,0.9261744966,0.7665794563
Population_Median_age,0.3098591549,0.5492957746,0.9084507042,1,0.6971830986,0.6971830986,0.514084507,0.1971830986,0.7042253521,0.7183098592,0.5845070423,0.5774647887,0.5985915493,0.676056338,0.6408450704,0.5,0.5563380282,0.338028169,0.2042253521,0,0.3873239437,0.08450704225,0.4295774648,0.1971830986,0.2394366197,0.6549295775,0.7676056338,0.5070422535,0.5281690141,0.9366197183,0.5492957746,0.8028169014,0.3028169014,0.8098591549,0.6830985915,0.5563380282,0.6830985915,0.8591549296,0.5281690141,0.676056338,0.5070422535,0.8661971831,0.9718309859,0.7957746479
Families_Total_Couple_census_families_in_private_households_25percent_sample_data,0.5923295455,0.5572916667,0.8849431818,0.9498106061,0.5601325758,0.8461174242,0.368844697,0.2850378788,0.3821022727,0.8986742424,0.568655303,0.4275568182,0.5331439394,0.7585227273,0.7646780303,0.8323863636,0.9081439394,0.7798295455,0.8740530303,0.1339962121,0,0.2234848485,0.2182765152,0.125,0.2334280303,0.6666666667,0.7859848485,0.6775568182,0.7211174242,0.5852272727,0.8139204545,0.8428030303,0.5752840909,0.7447916667,0.7892992424,0.712594697,0.6221590909,0.7945075758,0.7163825758,0.8077651515,0.8664772727,0.7651515152,1,0.8001893939
Families_Couples_without_children,0.1275590551,0.2251968504,0.4921259843,0.5779527559,0.4094488189,0.7614173228,0.05039370079,0,0.1409448819,0.511023622,0.2614173228,0.1212598425,0.2173228346,0.3566929134,0.6086614173,0.5078740157,0.6984251969,0.7133858268,1,0.3850393701,0.1842519685,0.425984252,0.2582677165,0.2251968504,0.4850393701,0.6661417323,0.4795275591,0.4708661417,0.4519685039,0.3881889764,0.4118110236,0.5165354331,0.08818897638,0.5039370079,0.405511811,0.5094488189,0.3559055118,0.4141732283,0.242519685,0.3362204724,0.4299212598,0.4086614173,0.5283464567,0.3228346457
Families_Couples_with_children,0.7895050686,0.6708407871,0.8819320215,0.8986285033,0.5354800239,0.6285032797,0.5664877758,0.4985092427,0.5146094216,0.8843172332,0.6595110316,0.5873583781,0.6469886702,0.8258795468,0.6428145498,0.8038163387,0.755515802,0.5825879547,0.4836016696,0.01729278473,0,0.09898628503,0.2200357782,0.1258199165,0.06678592725,0.4752534287,0.7668455575,0.6368515206,0.7060226595,0.5831842576,0.8539057841,0.8097793679,0.7978533095,0.6964818128,0.8264758497,0.6523553965,0.6547406082,0.8264758497,0.8580799046,0.9022063208,0.9057841383,0.793679189,1,0.9028026237
Families_Couples_1_child,0.5573333333,0.4933333333,0.7653333333,0.7013333333,0.4973333333,0.6266666667,0.4053333333,0.3626666667,0.448,0.8186666667,0.58,0.4946666667,0.5026666667,0.5013333333,0.5293333333,0.7986666667,0.6546666667,0.5333333333,0.5333333333,0.04,0,0.1453333333,0.184,0.104,0.1026666667,0.396,0.5426666667,0.684,0.7413333333,0.6146666667,0.8826666667,0.744,0.4386666667,0.5346666667,0.7213333333,0.544,0.532,0.6426666667,0.6813333333,0.7346666667,0.82,0.7626666667,1,0.7706666667
Families_Couples_2_children,0.7694369973,0.644772118,0.9128686327,1,0.5844504021,0.6407506702,0.5670241287,0.4584450402,0.5053619303,0.8230563003,0.6394101877,0.5924932976,0.5831099196,0.9530831099,0.6903485255,0.754691689,0.8565683646,0.6126005362,0.4611260054,0.01340482574,0,0.08310991957,0.1957104558,0.1487935657,0.06434316354,0.5348525469,0.8418230563,0.6380697051,0.6890080429,0.5737265416,0.8002680965,0.7828418231,0.7680965147,0.7707774799,0.845844504,0.7238605898,0.754691689,0.8981233244,0.8672922252,0.8927613941,0.8069705094,0.754691689,0.9477211796,0.8927613941
Families_Couples_3_or_more_children,0.7683741648,0.6414253898,0.5256124722,0.5545657016,0.2293986637,0.2650334076,0.5233853007,0.5256124722,0.3652561247,0.5968819599,0.4587973274,0.4120267261,0.6369710468,0.6926503341,0.3964365256,0.4454342984,0.3340757238,0.2962138085,0.1759465479,0.002227171492,0.0289532294,0.02004454343,0.2182628062,0.08240534521,0,0.2538975501,0.5879732739,0.2048997773,0.2828507795,0.2271714922,0.4120267261,0.5100222717,1,0.4543429844,0.5100222717,0.3541202673,0.3318485523,0.5501113586,0.6570155902,0.6881959911,0.70155902,0.4654788419,0.5144766147,0.6302895323
Families_Total_Lone_parent_census_families_in_private_households_25percent_sample_data,0.7432578209,0.7249190939,0.5933117584,0.5641855448,0.3387270766,0.6094929881,0.6483279396,1,0.6386192017,0.6666666667,0.9492988134,0.8446601942,0.5803667745,0.2502696872,0.4778856526,0.6839266451,0.4509169364,0.4854368932,0.3538295577,0,0.05717367853,0.05609492988,0.3074433657,0.1510248112,0.04962243797,0.241639698,0.3214670982,0.3538295577,0.3959007551,0.334412082,0.526429342,0.7788565264,0.3538295577,0.3613807983,0.6526429342,0.4908306365,0.427184466,0.6752966559,0.7691477886,0.7993527508,0.7853290183,0.6170442287,0.6763754045,0.6504854369
Families_Lone_1_child,0.569416499,0.6700201207,0.6841046278,0.6197183099,0.4245472837,0.7867203219,0.6177062374,0.8853118712,0.661971831,0.7947686117,1,0.8672032193,0.6358148893,0.2494969819,0.5915492958,0.7967806841,0.5150905433,0.5794768612,0.4366197183,0,0.04828973843,0.09456740443,0.3199195171,0.1871227364,0.1026156942,0.2977867203,0.3400402414,0.4547283702,0.4607645875,0.4064386318,0.5995975855,0.9134808853,0.338028169,0.4668008048,0.7525150905,0.5513078471,0.5412474849,0.7283702213,0.8551307847,0.8913480885,0.8672032193,0.7263581489,0.7585513078,0.7183098592
Families_Lone_2_children,0.8928571429,0.8055555556,0.5952380952,0.5912698413,0.2857142857,0.5714285714,0.6865079365,1,0.619047619,0.6547619048,0.9642857143,0.9126984127,0.5634920635,0.3015873016,0.4484126984,0.6785714286,0.4841269841,0.5119047619,0.3452380952,0,0.05952380952,0.01984126984,0.3134920635,0.1150793651,0,0.2777777778,0.4126984127,0.3492063492,0.4484126984,0.3333333333,0.5119047619,0.75,0.4166666667,0.3095238095,0.7142857143,0.5357142857,0.3968253968,0.7103174603,0.7698412698,0.8650793651,0.746031746,0.5158730159,0.7420634921,0.6746031746
Families_Lone_3_or_more_children,0.7791666667,0.5833333333,0.275,0.2958333333,0.1541666667,0.1458333333,0.5208333333,1,0.4625,0.2625,0.6083333333,0.5291666667,0.3541666667,0.1541666667,0.1708333333,0.2958333333,0.1833333333,0.1625,0.125,0.025,0.075,0.01666666667,0.2166666667,0.09583333333,0,0.05,0.125,0.08333333333,0.1291666667,0.1208333333,0.2791666667,0.3541666667,0.2541666667,0.125,0.2333333333,0.2083333333,0.1375,0.3708333333,0.4125,0.3541666667,0.475,0.3583333333,0.2791666667,0.3375
Families_Total_children_in_census_families_in_private_households,1.022365805,0.8767395626,0.8720178926,0.8951292247,0.4925447316,0.625,0.7318588469,0.8675447316,0.638667992,0.893638171,0.8742544732,0.7765904573,0.7845427435,0.7902584493,0.6391650099,0.8158548708,0.7002982107,0.583250497,0.4336481113,0,0.0236083499,0.0638667992,0.2982107356,0.1421471173,0.03628230616,0.4234592445,0.7239065606,0.5313121272,0.6170477137,0.5052186879,0.7880218688,0.8752485089,0.8846918489,0.652833002,0.8409542744,0.6592942346,0.6242544732,0.8928926441,0.9612326044,0.9915506958,1,0.8051689861,0.953528827,0.9237077535
Families_Under_6_years_of_age,0.7607843137,0.6823529412,0.6013071895,0.6692810458,0.4784313725,0.7124183007,0.5921568627,0.8117647059,0.445751634,0.7908496732,0.7725490196,0.6522875817,0.6810457516,0.708496732,0.5973856209,0.7568627451,0.8810457516,0.6535947712,0.5320261438,0.02614379085,0,0.09803921569,0.2862745098,0.06405228758,0.01699346405,0.4614379085,0.4392156863,0.4235294118,0.4470588235,0.2588235294,0.6274509804,0.7346405229,1,0.677124183,0.8954248366,0.8705882353,0.7751633987,0.7647058824,0.9437908497,0.8326797386,0.8352941176,0.5921568627,0.6810457516,0.6718954248
Families_6_to_14_years,0.9280626781,0.7443019943,0.7343304843,0.8297720798,0.4501424501,0.514957265,0.6346153846,0.7806267806,0.5277777778,0.7535612536,0.7685185185,0.6709401709,0.7264957265,0.8988603989,0.6175213675,0.6495726496,0.7357549858,0.5648148148,0.3596866097,0,0.04843304843,0.0235042735,0.2948717949,0.1282051282,0.02065527066,0.4786324786,0.7200854701,0.4088319088,0.4123931624,0.3881766382,0.683048433,0.792022792,1,0.6702279202,0.7556980057,0.6132478632,0.6965811966,0.8141025641,0.8660968661,0.8518518519,0.8839031339,0.5975783476,0.6737891738,0.665954416
Families_15_to_17_years,1.057416268,0.8157894737,0.8253588517,0.9880382775,0.45215311,0.5622009569,0.7296650718,0.9162679426,0.6196172249,0.8947368421,0.8564593301,0.8110047847,0.9066985646,0.961722488,0.6148325359,0.7344497608,0.6555023923,0.4736842105,0.3301435407,0,0.02153110048,0.007177033493,0.3540669856,0.1196172249,0.01913875598,0.4354066986,0.9784688995,0.5406698565,0.5645933014,0.533492823,0.6578947368,0.9401913876,0.9641148325,0.6794258373,0.8421052632,0.5311004785,0.6172248804,0.9928229665,1,0.995215311,0.9282296651,0.7009569378,0.7392344498,0.8755980861
Families_18_to_24_years,1.060606061,0.9491341991,1,0.9177489177,0.4632034632,0.5465367965,0.7305194805,0.7965367965,0.683982684,0.9534632035,0.854978355,0.7792207792,0.7608225108,0.8376623377,0.5703463203,0.7716450216,0.5573593074,0.4707792208,0.2965367965,0,0.02056277056,0.08008658009,0.2911255411,0.1201298701,0.07359307359,0.3841991342,0.8268398268,0.5097402597,0.683982684,0.5616883117,0.7803030303,0.8517316017,0.7478354978,0.5681818182,0.7045454545,0.5173160173,0.4902597403,0.9231601732,0.933982684,0.9707792208,0.9880952381,0.8647186147,0.9567099567,0.9653679654
Families_25_years_and_over,0.6911519199,0.6377295492,0.6444073456,0.5717863105,0.3238731219,0.4398998331,0.5375626043,0.5634390651,0.5150250417,0.5834724541,0.6026711185,0.540066778,0.4632721202,0.183639399,0.4040066778,0.6627712855,0.2863105175,0.3681135225,0.3697829716,0,0.01669449082,0.0776293823,0.1427378965,0.1702838063,0.04173622705,0.1368948247,0.3447412354,0.4707846411,0.5976627713,0.4741235392,0.6318864775,0.5742904841,0.265442404,0.3155258765,0.5475792988,0.3722871452,0.2086811352,0.5150250417,0.5592654424,0.7212020033,0.7212020033,0.7320534224,1,0.8606010017
Migration_Mobllity_and_Languages_Total_Generation_status_for_the_population_in_private_households_25percent_sample_data,0.7444598338,0.658010157,0.8165974146,0.8666897507,0.4898430286,0.8979686057,0.4485226223,0.6043397969,0.4516389658,0.9280932595,0.7847414589,0.5665974146,0.6385041551,0.6853647276,0.7899353647,0.9170129271,0.8722299169,0.9799168975,1,0.1970221607,0,0.3094413666,0.4029316713,0.2768928901,0.3507617729,0.6577793167,0.7293397969,0.6334256694,0.6770544783,0.4614496768,0.7729686057,0.9121652816,0.6192289935,0.6979455217,0.8460295476,0.7289935365,0.5951061865,0.8259464451,0.843721145,0.9014312096,0.9507156048,0.7576177285,0.9334025854,0.7817405355
Migration_Mobllity_and_Languages_First_generation,0.7339951635,0.5059182894,0.4499172712,0.4144075347,0.280005091,0.4117347588,0.4546264478,0.5973017691,0.4495354461,0.7843960799,0.5624284078,0.4947180858,0.4777905053,0.2038946163,0.326078656,0.5989563447,0.29235077,0.4217894871,0.3819523991,0.1258750159,0,0.2806414662,0.3158966527,0.166221204,0.2882779687,0.2388952526,0.381570574,0.7019218531,0.7449408171,0.547791778,0.8311060201,0.6272114038,0.492427135,0.2270586738,0.4845360825,0.2172584956,0.08629247805,0.36935217,0.6543209877,0.7056128293,0.8034873361,0.7696321751,1,0.8397607229
Migration_Mobllity_and_Languages_Second_generation,0.6619411123,0.7273718648,0.7993456925,0.9160305344,0.461650309,0.7473645947,0.509996365,0.6103235187,0.4834605598,0.6419483824,0.8538713195,0.6593965831,0.6703017085,0.6139585605,0.7280988731,0.9262086514,0.8476917485,0.9123954925,1,0.1577608142,0,0.1315885133,0.2119229371,0.1766630316,0.1083242457,0.4943656852,0.5776081425,0.1948382406,0.2635405307,0.2046528535,0.3525990549,0.7382769902,0.4420210832,0.6157760814,0.6706652126,0.6859323882,0.5481643039,0.6782988004,0.6372228281,0.749909124,0.7022900763,0.4856415849,0.5219920029,0.5459832788
Migration_Mobllity_and_Languages_Third_generation_or_more,0.04376163873,0.2451117318,0.6208100559,0.7122905028,0.489292365,0.8880353818,0.05516759777,0.04445996276,0.08822160149,0.3349627561,0.3158752328,0.1247672253,0.2935288641,0.9245810056,0.8393854749,0.4697392924,0.9902234637,0.9294692737,0.9867318436,0.3752327747,0.3084264432,0.3356610801,0.4078212291,0.4499534451,0.4196927374,0.8817504655,0.7118249534,0.177839851,0.1433891993,0.1068435754,0.1217411546,0.5288640596,0.3738361266,0.9068901304,0.6997206704,0.9425046555,1,0.8647579143,0.405726257,0.3563780261,0.3070297952,0.1182495345,0.02816573557,0
Migration_Mobllity_and_Languages_Total_Immigrant_status_and_period_of_immigration_for_the_population_in_private_households_25percent_sample_data,0.7444598338,0.6581255771,0.8165974146,0.8665743306,0.4898430286,0.8979686057,0.4485226223,0.6043397969,0.4516389658,0.9280932595,0.7847414589,0.5665974146,0.6385041551,0.6852493075,0.7899353647,0.9170129271,0.8722299169,0.9798014774,1,0.1970221607,0,0.3095567867,0.4029316713,0.27677747,0.3507617729,0.6577793167,0.7292243767,0.6334256694,0.6770544783,0.461565097,0.7729686057,0.9121652816,0.6192289935,0.6979455217,0.8460295476,0.7289935365,0.5951061865,0.8260618652,0.843721145,0.9015466297,0.9508310249,0.7576177285,0.9332871653,0.7816251154
Migration_Mobllity_and_Languages_Non_immigrants,0.1619764398,0.3322971204,0.6321989529,0.7509816754,0.3859620419,0.7994109948,0.09914921466,0.1413612565,0.1124018325,0.3604384817,0.440117801,0.2174410995,0.3502945026,0.7796138743,0.7671793194,0.5883507853,0.9253926702,0.913776178,1,0.1699934555,0.05071989529,0.1346531414,0.2179319372,0.2380562827,0.1839005236,0.6910994764,0.6060209424,0.04662958115,0.05382853403,0,0.07902486911,0.5402486911,0.3003926702,0.7637434555,0.6313808901,0.8172447644,0.7966295812,0.7477094241,0.4065772251,0.4204842932,0.3676374346,0.136289267,0.08704188482,0.07951570681
Migration_Mobllity_and_Languages_Immigrants,0.7430518439,0.5248530198,0.4722073757,0.4326563335,0.2838054516,0.4095403528,0.4776857296,0.5776322822,0.4685996793,0.7883484768,0.5783003741,0.5062800641,0.4790219134,0.1839925174,0.3046499198,0.5881881347,0.2788615714,0.3928380545,0.338989845,0.07469267771,0,0.1945483699,0.2896846606,0.1193212186,0.1766435061,0.2018973811,0.3723944415,0.6181186531,0.6867985035,0.539818279,0.7859433458,0.6400320684,0.4815606627,0.2228754677,0.4903794762,0.2152592197,0.0833778728,0.3882950294,0.6678246927,0.7307589524,0.7852752539,0.7649652592,1,0.8552912881
Migration_Mobllity_and_Languages_Before_1981,0.483286119,0.6441926346,0.7461756374,0.8985835694,0.4736543909,0.6538243626,0.6016997167,0.4390934844,0.7779036827,0.6532577904,0.7104815864,0.7155807365,0.6849858357,0.4226628895,0.7654390935,1,0.609631728,0.6906515581,0.7648725212,0,0.1014164306,0.1365439093,0.1671388102,0.2997167139,0.2317280453,0.4271954674,0.5093484419,0.3796033994,0.4662889518,0.4424929178,0.6396600567,0.7971671388,0.2702549575,0.6974504249,0.6521246459,0.5042492918,0.3631728045,0.590368272,0.4492917847,0.6203966006,0.5909348442,0.6985835694,0.8623229462,0.621529745
Migration_Mobllity_and_Languages_1981_to_1990,0.5632075472,0.4990566038,0.2811320755,0.2820754717,0.1320754717,0.4056603774,0.4547169811,0.579245283,0.4,0.3641509434,0.8047169811,0.6613207547,0.2886792453,0.01509433962,0.2235849057,0.9150943396,0.2396226415,0.4132075472,0.35,0.02169811321,0.0009433962264,0.06509433962,0.158490566,0.05,0,0.05849056604,0.2179245283,0.270754717,0.3349056604,0.4358490566,0.3471698113,0.4141509434,0.108490566,0.08018867925,0.2858490566,0.2641509434,0.01226415094,0.2433962264,0.4339622642,0.5264150943,0.6188679245,0.6462264151,0.9783018868,1
Migration_Mobllity_and_Languages_1991_to_2000,0.7039226222,0.5067168189,0.5201504567,0.2654486835,0.2186996239,0.3272434175,0.3938742611,0.5685115529,0.3288554541,0.63353036,0.5335840946,0.4067705535,0.3412144009,0.04674905965,0.1321869962,0.427189683,0.1955937668,0.242880172,0.2074153681,0.09511015583,0.03009134874,0.1950564213,0.2810317034,0.07146695325,0.1198280494,0.08275120903,0.2547017732,0.570660935,0.5835572273,0.570660935,0.5711982805,0.5212251478,0.2821063944,0.08919935519,0.3799032778,0.163353036,0,0.3288554541,0.6899516389,0.7581945191,0.8269747448,0.7608812466,1,0.9849543256
Migration_Mobllity_and_Languages_2001_to_2010,0.8201376936,0.4436316695,0.3825301205,0.3296041308,0.2689328744,0.315404475,0.4496557659,0.5623924269,0.3308950086,0.8235800344,0.4100688468,0.321858864,0.4061962134,0.1686746988,0.1721170396,0.2736660929,0.165232358,0.2732358003,0.1820137694,0.1170395869,0,0.267211704,0.3700516351,0.1213425129,0.2117039587,0.1514629948,0.3915662651,0.6953528399,0.7895869191,0.5550774527,0.9139414802,0.582616179,0.6648020654,0.09982788296,0.4681583477,0.1265060241,0.0425989673,0.3790877797,0.7581755594,0.7848537005,0.8313253012,0.7951807229,1,0.8407917384
Migration_Mobllity_and_Languages_2001_to_2005,0.6138088012,0.4097116844,0.342185129,0.3702579666,0.2602427921,0.2905918058,0.3414264036,0.43323217,0.248861912,0.6403641882,0.3308042489,0.2344461305,0.3027314112,0.1016691958,0.124430956,0.2033383915,0.126707132,0.1836115326,0.1646433991,0.1069802731,0,0.2298937785,0.3239757208,0.09863429439,0.157814871,0.1031866464,0.3216995448,0.5948406677,0.7040971168,0.5606980273,0.8065250379,0.502276176,0.502276176,0.08649468892,0.4127465857,0.1236722307,0.008345978756,0.3224582701,0.6411229135,0.7018209408,0.7503793627,0.7473444613,1,0.7685887709
Migration_Mobllity_and_Languages_2006_to_2010,1.025210084,0.4593837535,0.4098972923,0.2605042017,0.2642390289,0.3277310924,0.5574229692,0.6881419234,0.4117647059,1,0.4827264239,0.4098972923,0.5088702148,0.2418300654,0.2222222222,0.3445378151,0.2035480859,0.3678804855,0.1932773109,0.1232492997,0,0.2987861811,0.4042950514,0.1428571429,0.2651727358,0.2026143791,0.4547152194,0.7787114846,0.847805789,0.5163398693,0.9915966387,0.6470588235,0.8253968254,0.1111111111,0.5088702148,0.1223155929,0.08403361345,0.4276377218,0.8562091503,0.8403361345,0.8814192344,0.8076563959,0.9402427638,0.8804855275
Migration_Mobllity_and_Languages_2011_to_2016,0.7506648936,0.3484042553,0.1974734043,0.2180851064,0.232712766,0.2493351064,0.3257978723,0.5352393617,0.3763297872,1,0.3397606383,0.3703457447,0.4833776596,0.2473404255,0.1868351064,0.3138297872,0.1628989362,0.2878989362,0.1609042553,0.2154255319,0,0.263962766,0.3703457447,0.08710106383,0.2885638298,0.2825797872,0.3384308511,0.8164893617,0.8497340426,0.4521276596,0.9541223404,0.5684840426,0.7845744681,0.1263297872,0.4361702128,0.05385638298,0.07180851064,0.2320478723,0.6210106383,0.5432180851,0.6269946809,0.517287234,0.6489361702,0.4607712766
Migration_Mobllity_and_Languages_Non_permanent_residents,0.2556390977,0.08700322234,0.01611170784,0.01933404941,0.1074113856,0.1783029001,0.04511278195,0.4156820623,0.0612244898,0.2964554243,0.126745435,0.1385606874,0.1546723953,0.1450053706,0.2287862513,0.306122449,0.1621911923,0.3233082707,0.380236305,0.4801288937,0.03007518797,0.7959183673,0.3544575725,0.41783029,1,0.3243823845,0.1783029001,0.9828141783,0.7883995704,0.3190118153,0.7196562836,0.1600429646,0.283566058,0.05263157895,0.149301826,0.05155746509,0,0.01825993555,0.1772287863,0.119226638,0.4854994629,0.3684210526,0.4393125671,0.2406015038
Migration_Mobllity_and_Languages_Total_Admission_category_and_applicant_type_for_the_immigrant_population_in_private_households_who_landed_between_1980_and_2016_25percent_sample_data,0.7893051553,0.4806276017,0.386167147,0.2955491515,0.2371117515,0.3381364073,0.4399615754,0.6043868076,0.3775216138,0.7965097663,0.53506244,0.4404418828,0.4154658982,0.1322446366,0.1863592699,0.4662183798,0.1942042907,0.316362472,0.2252641691,0.1167146974,0,0.2239833493,0.330451489,0.09045789305,0.1759526097,0.1503362152,0.3338136407,0.6660262568,0.7236631444,0.556035863,0.797470381,0.5762087736,0.5313800833,0.1019852706,0.4375600384,0.1560999039,0.02785782901,0.3339737432,0.7081332053,0.7334293948,0.8097982709,0.7584053794,1,0.8911303234
Migration_Mobllity_and_Languages_Economic_immigrants,0.3108182317,0.2001647446,0.3445908841,0.2133443163,0.2018121911,0.2460186711,0.1117517847,0.1337177375,0.1611751785,0.8995057661,0.2160900604,0.2056562328,0.3992311917,0.2105985722,0.1674903899,0.3399231192,0.1688632619,0.1501922021,0.2152663372,0.2199341021,0,0.3657331137,0.2421746293,0.08292147172,0.3141131247,0.2460186711,0.4813289401,0.9739154311,1,0.7748489841,0.9283360791,0.5387149918,0.4017023613,0.06864360242,0.3879736409,0.05766062603,0.02416254805,0.2473915431,0.5568369028,0.53487095,0.6101043383,0.6142229544,0.7303679297,0.5496979681
Migration_Mobllity_and_Languages_Principal_applicants,0.3390177353,0.241473397,0.3328785812,0.2291950887,0.2210095498,0.2939972715,0.1582537517,0.1909959072,0.2285129604,1,0.3083219645,0.2810368349,0.5402455662,0.2510231924,0.2633015007,0.4195088677,0.2169167804,0.2025920873,0.2039563438,0.153478854,0,0.2892223738,0.3594815825,0.08799454297,0.2633015007,0.3137789905,0.4495225102,0.8717598909,0.9345156889,0.7319236016,0.9140518417,0.5893587995,0.4256480218,0.1371077763,0.4304229195,0.09140518417,0.07776261937,0.2469304229,0.605047749,0.6432469304,0.6186903138,0.6596180082,0.7646657572,0.6043656207
Migration_Mobllity_and_Languages_Secondary_applicants,0.2876414273,0.1740644038,0.3450826806,0.2027850305,0.1901653612,0.2132288947,0.08703220191,0.1009573542,0.1214099217,0.7985204526,0.1570931245,0.1575282855,0.2993907746,0.184073107,0.1083550914,0.2824194952,0.1405570061,0.1201044386,0.2228024369,0.2619669278,0.01131418625,0.4064403829,0.1662315057,0.08659704091,0.3411662315,0.2014795474,0.4873803307,0.998694517,1,0.772410792,0.8999129678,0.4895561358,0.3764142733,0.03220191471,0.3511749347,0.04395126197,0,0.2458659704,0.5082680592,0.4486510009,0.5839860748,0.5639686684,0.68102698,0.4973890339
Migration_Mobllity_and_Languages_Immigrants_sponsored_by_family,0.882603642,0.5397132894,0.2595893065,0.2572646261,0.1677644324,0.2851607904,0.5877566835,0.7473847346,0.4734598993,0.4560247966,0.6288260364,0.5401007361,0.3273924835,0.06935296397,0.1917861294,0.4742347927,0.1522665633,0.3064703603,0.1995350639,0.009298721426,0,0.06547849671,0.2603641999,0.09337466098,0.02944595118,0.06470360325,0.1228206122,0.2243316544,0.2584269663,0.226268888,0.3630375823,0.3343665246,0.3816350252,0.1363812476,0.3343665246,0.243316544,0.08407593956,0.3018209996,0.6051917861,0.667570709,0.7194885703,0.6509104998,0.9221232081,1
Migration_Mobllity_and_Languages_Refugees,1.1286844,0.6815240834,0.4219985622,0.363767074,0.3076923077,0.4205607477,0.6578001438,1,0.4579439252,0.4140905823,0.6930265996,0.4615384615,0.2846872753,0.005032350827,0.1020848311,0.3623292595,0.2278936017,0.5240833932,0.1574406902,0.02300503235,0.09130122214,0.01006470165,0.4392523364,0.1006470165,0.004313443566,0.006470165349,0.07692307692,0.06973400431,0.2027318476,0.1035226456,0.5183321352,0.6247304098,0.6520488857,0.1006470165,0.3889288282,0.1718188354,0,0.3486700216,0.6355140187,0.702372394,0.7311286844,0.575844716,0.7929547088,0.6793673616
Migration_Mobllity_and_Languages_Other_immigrants,0.3559322034,0.2838983051,0.1313559322,0.1398305085,0.08050847458,0.1186440678,0.186440678,0.4322033898,0.186440678,0.343220339,0.4237288136,0.4194915254,0.1398305085,0.02542372881,0.2118644068,0.3347457627,0.08474576271,0.1737288136,0.09322033898,0.02118644068,0.02966101695,0.07203389831,0.1313559322,0.0593220339,0.01694915254,0,0.1779661017,0.2966101695,0.2584745763,0.2372881356,0.3177966102,0.1610169492,0.4110169492,0.1186440678,0.2076271186,0.1355932203,0.008474576271,0.2288135593,0.343220339,0.2838983051,0.4025423729,0.6440677966,1,0.7245762712
Education_Total_Highest_certificate_diploma_or_degree_for_the_population_aged_15_years_and_over_in_private_households_25percent_sample_data,0.5893565306,0.5357554049,0.7217602661,0.7539976973,0.4238198797,0.8413713701,0.3317129334,0.4573365741,0.3697070487,0.8239733913,0.6636817193,0.4501727005,0.5178457209,0.537034668,0.7147243188,0.8335678649,0.7566841499,0.9290008955,1,0.2246386082,0,0.3379813228,0.3736727645,0.2857873865,0.3919662275,0.6063707305,0.6442369195,0.5953690674,0.6398874248,0.4244595113,0.6801842139,0.805552002,0.4169118588,0.5958807727,0.722527824,0.6206984777,0.4668031214,0.701803761,0.6951515927,0.772163234,0.8209031598,0.6821031086,0.8546757068,0.6879877191
Education_No_certificate_diploma_or_degree,0.7878982942,0.603154168,0.4139040875,0.4554232379,0.272610235,0.4811715481,0.6868361764,0.8448664306,0.7206308336,0.3859028001,0.8323141294,0.8171869971,0.5149662053,0.1982619891,0.412616672,1,0.2761506276,0.57676215,0.4483424525,0,0.04055358867,0.009977470229,0.2816221435,0.1972964274,0.0341165111,0.09913099453,0.2098487287,0.1841004184,0.2394592855,0.1982619891,0.3472803347,0.4341808819,0.4139040875,0.3768908915,0.5400708079,0.4480205986,0.256517541,0.5220469907,0.6128097844,0.6540070808,0.6356614097,0.6234309623,0.8348889604,0.7344705504
Education_Secondary_high_school_diploma_or_equivalency_certificate,0.8129579637,0.7767065175,0.7477824913,0.7207867335,0.377169302,0.7716930197,0.5726957192,0.6945622831,0.5376012341,0.7693790976,0.8438102584,0.6336290012,0.568067875,0.3343617432,0.4820671037,0.8067875048,0.4134207482,0.7123023525,0.5645969919,0.03509448515,0,0.1854994215,0.4064789819,0.2626301581,0.3158503664,0.2892402622,0.3945237177,0.4384882376,0.5310451215,0.3598148862,0.605861936,0.8006170459,0.4427304281,0.4593135364,0.7304280756,0.480524489,0.3810258388,0.8465098342,0.8623216352,0.9969147705,0.9957578095,0.8067875048,1,0.9479367528
Education_Postsecondary_certificate_diploma_or_degree,0.1798897611,0.2214798731,0.5752463671,0.6074828796,0.4200768331,0.6861533322,0,0.02922999833,0.04743611158,0.7135460164,0.2405211291,0.0604643394,0.3343911809,0.62485385,0.681643561,0.3911808919,0.8369801236,0.7765157842,1,0.44947386,0.1504927343,0.5273091699,0.3370636379,0.3283781527,0.5284783698,0.7860364122,0.7329213295,0.6632704192,0.6525805913,0.4668448305,0.616836479,0.6510773342,0.309169868,0.5548688826,0.518122599,0.5411725405,0.4825455153,0.4501419743,0.3875062636,0.4082178052,0.481877401,0.3891765492,0.4209119759,0.2781025555
Education_Apprenticeship_or_trades_certificate_or_diploma,0.6220472441,0.694488189,0.6677165354,0.6661417323,0.4094488189,0.7921259843,0.642519685,0.6062992126,0.6992125984,0.6503937008,1,0.8141732283,0.6078740157,0.2188976378,0.4251968504,0.8141732283,0.4236220472,0.6204724409,0.3874015748,0,0.06771653543,0.05354330709,0.3007874016,0.1401574803,0.1070866142,0.2,0.1952755906,0.1779527559,0.305511811,0.1858267717,0.4188976378,0.6440944882,0.1779527559,0.3748031496,0.6346456693,0.3181102362,0.3070866142,0.6755905512,0.6881889764,0.8267716535,0.674015748,0.474015748,0.4551181102,0.4346456693
Education_Trades_certificate_or_diploma_other_than_Certificate_of_Apprenticeship_or_Certificate_of_Qualification,0.6547619048,0.755952381,0.7232142857,0.7261904762,0.4404761905,0.8035714286,0.6547619048,0.6994047619,0.7470238095,0.8095238095,1,0.880952381,0.7083333333,0.2797619048,0.5089285714,0.8482142857,0.5,0.6517857143,0.4017857143,0,0.1130952381,0.119047619,0.3363095238,0.1904761905,0.1517857143,0.2410714286,0.25,0.2321428571,0.3601190476,0.2410714286,0.5386904762,0.7202380952,0.244047619,0.5029761905,0.7827380952,0.3869047619,0.3422619048,0.6220238095,0.7738095238,0.8601190476,0.7529761905,0.5119047619,0.5327380952,0.5
Education_Certificate_of_Apprenticeship_or_Certificate_of_Qualification,0.5953947368,0.6348684211,0.6118421053,0.6085526316,0.3881578947,0.7861842105,0.6381578947,0.5131578947,0.6546052632,0.4835526316,1,0.7467105263,0.5065789474,0.1644736842,0.3453947368,0.7796052632,0.3552631579,0.5921052632,0.3881578947,0.01644736842,0.03618421053,0,0.2763157895,0.1019736842,0.07565789474,0.1710526316,0.1513157895,0.1348684211,0.2598684211,0.1414473684,0.2993421053,0.5723684211,0.1184210526,0.2434210526,0.4802631579,0.2565789474,0.2861842105,0.7467105263,0.6019736842,0.7993421053,0.5953947368,0.4440789474,0.3815789474,0.375
Education_College_CEGEP_or_other_non_university_certificate_or_diploma,0.4926108374,0.5467980296,0.7235221675,0.5911330049,0.4285714286,1,0.2992610837,0.3041871921,0.3399014778,0.7142857143,0.6631773399,0.3799261084,0.388546798,0.1878078818,0.460591133,0.5818965517,0.5794334975,0.7481527094,0.6465517241,0.03017241379,0,0.01539408867,0.2801724138,0.02155172414,0.04433497537,0.328817734,0.2604679803,0.2604679803,0.3362068966,0.2881773399,0.532635468,0.8128078818,0.2327586207,0.3903940887,0.7130541872,0.4698275862,0.4236453202,0.7727832512,0.6717980296,0.7493842365,0.8263546798,0.5535714286,0.6089901478,0.5443349754
Education_University_certificate_or_diploma_below_bachelor_level,0.3846153846,0.3621794872,0.5737179487,0.4487179487,0.3108974359,0.5576923077,0.09935897436,0.2147435897,0.25,1,0.3974358974,0.3108974359,0.608974359,0.3461538462,0.4711538462,0.375,0.358974359,0.4262820513,0.3653846154,0.0608974359,0,0.05769230769,0.4262820513,0.1025641026,0.2948717949,0.4775641026,0.5256410256,0.6217948718,0.6987179487,0.5320512821,0.8525641026,0.8205128205,0.3525641026,0.3429487179,0.4711538462,0.2019230769,0.1698717949,0.4775641026,0.5929487179,0.6698717949,0.6153846154,0.5929487179,0.7147435897,0.5288461538
Education_University_certificate_diploma_or_degree_at_bachelor_level_or_above,0.1247045992,0.146882385,0.4710052718,0.55244501,0.4339211053,0.49645519,0,0.02781312489,0.02454099255,0.6020723505,0.09616433376,0.009998182149,0.3124886384,0.748227595,0.6980548991,0.3068532994,0.8387565897,0.6969641883,1,0.644791856,0.3239411016,0.7280494456,0.3932012361,0.4971823305,0.7009634612,0.8763861116,0.8365751682,0.7573168515,0.7044173787,0.5393564806,0.5853481185,0.5157244137,0.3953826577,0.5940738048,0.4215597164,0.5702599527,0.5231776041,0.3246682421,0.278313034,0.2577713143,0.3363024905,0.3401199782,0.3533902927,0.2297764043
Education_Bachelors_degree,0.1257502143,0.146899114,0.4892826522,0.5150042869,0.4081166047,0.5101457559,0,0.03343812518,0.03343812518,0.5553015147,0.1017433552,0.02515004287,0.2889396971,0.6338953987,0.5804515576,0.3152329237,0.7364961418,0.7099171192,1,0.676478994,0.2937982281,0.6430408688,0.3561017434,0.4055444413,0.59788511,0.7456416119,0.7019148328,0.7013432409,0.6633323807,0.4829951415,0.5553015147,0.4995713061,0.3543869677,0.5164332666,0.392397828,0.5510145756,0.4958559588,0.3143755359,0.2560731638,0.2760788797,0.3732494999,0.3815375822,0.4095455845,0.2852243498
Education_University_certificate_or_diploma_above_bachelor_level,0.1221945137,0.1670822943,0.5112219451,0.578553616,0.566084788,0.5336658354,0.02992518703,0,0.09975062344,1,0.1845386534,0.114713217,0.4613466334,0.6558603491,0.7032418953,0.2194513716,0.7007481297,0.4763092269,0.7057356608,0.4389027431,0.27680798,0.5685785536,0.3840399002,0.3416458853,0.5211970075,0.8179551122,0.8578553616,0.5835411471,0.6533665835,0.5087281796,0.4413965087,0.5735660848,0.3167082294,0.5935162095,0.3765586035,0.4314214464,0.4513715711,0.349127182,0.2294264339,0.2418952618,0.3316708229,0.2543640898,0.2618453865,0.1596009975
Education_Degree_in_medicine_dentistry_veterinary_medicine_or_optometry,0.06666666667,0.09166666667,0.1555555556,0.3027777778,0.1333333333,0.1472222222,0.01388888889,0.01388888889,0.025,0.4222222222,0.01666666667,0,0.2583333333,0.675,0.4194444444,0.02222222222,0.2555555556,0.15,0.2194444444,0.1972222222,0.1361111111,0.7166666667,0.1166666667,0.2361111111,0.4666666667,0.4722222222,1,0.5083333333,0.5722222222,0.4361111111,0.3416666667,0.2638888889,0.2444444444,0.2361111111,0.1138888889,0.1166666667,0.1583333333,0.1,0.1111111111,0.08333333333,0.1222222222,0.1138888889,0.1277777778,0.1
Education_Masters_degree,0.1557692308,0.1557692308,0.3897435897,0.5403846154,0.4288461538,0.4307692308,0.0391025641,0.05641025641,0.02628205128,0.4801282051,0.09294871795,0,0.2769230769,0.8,0.7679487179,0.3128205128,0.9269230769,0.658974359,0.933974359,0.5987179487,0.375,0.7301282051,0.4346153846,0.5564102564,0.7788461538,1,0.8326923077,0.7378205128,0.6314102564,0.5352564103,0.5878205128,0.4737179487,0.4487179487,0.6685897436,0.466025641,0.5865384615,0.5397435897,0.3294871795,0.3416666667,0.2371794872,0.2628205128,0.2724358974,0.2384615385,0.1461538462
Education_Earned_doctorate,0.03278688525,0.1049180328,0.2918032787,0.4360655738,0.3114754098,0.2852459016,0,0.07540983607,0.01967213115,0.4819672131,0.08852459016,0.003278688525,0.2524590164,0.7245901639,0.8459016393,0.2590163934,0.9770491803,0.5114754098,0.8524590164,0.2590163934,0.2885245902,0.6852459016,0.4,1,0.8262295082,0.7672131148,0.7278688525,0.7344262295,0.593442623,0.5213114754,0.4590163934,0.3409836066,0.3213114754,0.5672131148,0.3475409836,0.5180327869,0.462295082,0.2426229508,0.1540983607,0.1081967213,0.1213114754,0.1573770492,0.2229508197,0.05901639344
Ethnocultural_Total_Ethnic_origin_for_the_population_in_private_households_25percent_sample_data,0.7444598338,0.6581255771,0.8165974146,0.8665743306,0.4898430286,0.8979686057,0.4485226223,0.6043397969,0.4515235457,0.9279778393,0.7847414589,0.5665974146,0.6385041551,0.6852493075,0.7899353647,0.9170129271,0.8722299169,0.9799168975,1,0.1970221607,0,0.3095567867,0.4029316713,0.27677747,0.350877193,0.6577793167,0.7293397969,0.6334256694,0.6770544783,0.4614496768,0.7728531856,0.9121652816,0.6191135734,0.6979455217,0.8460295476,0.7289935365,0.5949907664,0.8260618652,0.843721145,0.9015466297,0.9507156048,0.7576177285,0.9332871653,0.7817405355
Labour_Force_In_the_labour_force,0.3081011435,0.29247866,0.4981478499,0.4702850701,0.3032694476,0.6848123691,0.1259462071,0.1832823321,0.1507489129,0.5748107586,0.4137542277,0.2143662426,0.3285553229,0.3976485746,0.5736833629,0.626832018,0.6555000805,0.8421645998,1,0.3280721533,0,0.3147044613,0.2398131744,0.1865034627,0.2708970849,0.5094218071,0.4401674988,0.3090674827,0.3841198261,0.164438718,0.4137542277,0.5165082944,0.1847318409,0.4243839588,0.480592688,0.5128039942,0.3834755999,0.43082622,0.4319536157,0.4730230311,0.4855854405,0.3266226445,0.4192301498,0.3541633113
Labour_Force_Employed,0.2546319905,0.2517423083,0.4778174401,0.4502804691,0.2891381948,0.6681964984,0.09518952915,0.1244263131,0.1319054904,0.5473397926,0.3710691824,0.1808601054,0.3006969233,0.3848376679,0.5611082781,0.601563828,0.6430392657,0.8165901751,1,0.3326534081,0,0.3047764746,0.2044875064,0.1660717321,0.2393336733,0.5007649159,0.4200237974,0.2743498215,0.3564507904,0.1465238824,0.3661397246,0.4761176271,0.1443141254,0.4123746388,0.4414414414,0.4988951215,0.3690294068,0.3831378548,0.3839877613,0.4297127316,0.4414414414,0.2852286249,0.367499575,0.3107258202
Labour_Force_Unemployed,0.9410430839,0.7619047619,0.6371882086,0.6167800454,0.4149659864,0.7278911565,0.5034013605,0.9229024943,0.3605442177,0.7891156463,0.8775510204,0.6077097506,0.6145124717,0.4648526077,0.589569161,0.8027210884,0.6485260771,0.9614512472,0.7392290249,0.1814058957,0,0.3650793651,0.6462585034,0.410430839,0.6213151927,0.4920634921,0.5918367347,0.6893424036,0.6530612245,0.3605442177,0.9387755102,0.9183673469,0.6757369615,0.4761904762,0.8752834467,0.5646258503,0.4761904762,0.9523809524,0.9637188209,0.9274376417,0.947845805,0.79138322,1,0.8412698413
Labour_Force_Not_in_the_labour_force,0.6824231299,0.6087654888,0.6491509867,0.7466727857,0.3926112896,0.5979807251,0.479807251,0.6232216613,0.5128499312,0.723497017,0.6654428637,0.5663148233,0.5252409362,0.4612207435,0.5291418082,0.6661312529,0.487608995,0.5307480496,0.4332262506,0,0.06424965581,0.2221202386,0.3930702157,0.3113813676,0.3813675998,0.4261128958,0.5927030748,0.6920605782,0.6645250115,0.5913262965,0.695043598,0.7732905002,0.548646168,0.528453419,0.6755392382,0.446994034,0.3549793483,0.7092703075,0.6955025241,0.7751262047,0.8446535108,0.8223955943,1,0.7937127123
Labour_Force_Unemployment_rate,0.7866666667,0.6266666667,0.28,0.2933333333,0.2666666667,0.2133333333,0.6,1,0.3866666667,0.3466666667,0.5866666667,0.5733333333,0.44,0.2266666667,0.1866666667,0.3066666667,0.1733333333,0.2666666667,0.04,0,0.09333333333,0.2,0.5866666667,0.3866666667,0.52,0.16,0.2933333333,0.5333333333,0.4133333333,0.36,0.64,0.5066666667,0.7066666667,0.2133333333,0.5066666667,0.2133333333,0.24,0.6266666667,0.64,0.56,0.56,0.6133333333,0.6933333333,0.6266666667
Labour_Force_All_occupations,0.2801106771,0.2706705729,0.4847005208,0.4601236979,0.2954101563,0.6726888021,0.1077473958,0.1500651042,0.1402994792,0.5563151042,0.3898111979,0.1979166667,0.3136393229,0.3935546875,0.5696614583,0.6131184896,0.6482747396,0.8331705729,1,0.3279622396,0,0.3071289063,0.2216796875,0.177734375,0.2535807292,0.5040690104,0.4287109375,0.2872721354,0.36328125,0.1479492188,0.3865559896,0.4892578125,0.1609700521,0.4191080729,0.4575195313,0.5024414063,0.3758138021,0.4038085938,0.4010416667,0.4490559896,0.4537760417,0.3019205729,0.3833007813,0.3276367188
Labour_Force_0_Management_occupations,0.04956268222,0.1413994169,0.4686588921,0.5743440233,0.3986880466,0.694606414,0.04300291545,0,0.05029154519,0.3039358601,0.1603498542,0.09256559767,0.1967930029,0.6260932945,0.5677842566,0.3593294461,0.7084548105,0.6625364431,1,0.6450437318,0.3221574344,0.5072886297,0.2835276968,0.2434402332,0.4103498542,0.6887755102,0.6698250729,0.3994169096,0.4409620991,0.2558309038,0.2478134111,0.4205539359,0.2725947522,0.5976676385,0.4016034985,0.5874635569,0.5692419825,0.3673469388,0.1734693878,0.1997084548,0.1822157434,0.193877551,0.1887755102,0.1304664723
Labour_Force_1_Business_finance_and_administration_occupations,0.1243567753,0.2598627787,0.5540308748,0.5583190395,0.4022298456,0.680102916,0.03173241852,0,0.07632933105,0.4922813036,0.295025729,0.09176672384,0.2924528302,0.589193825,0.5445969125,0.3636363636,0.6200686106,0.6226415094,1,0.7701543739,0.2264150943,0.7512864494,0.1646655232,0.1938250429,0.4528301887,0.7598627787,0.641509434,0.5343053173,0.5034305317,0.3730703259,0.4768439108,0.6612349914,0.1861063465,0.4691252144,0.4922813036,0.4408233276,0.3704974271,0.4596912521,0.3919382504,0.4416809605,0.5283018868,0.3447684391,0.3825042882,0.3799313894
Labour_Force_2_Natural_and_applied_sciences_and_related_occupations,0.1338797814,0.2131147541,0.587431694,0.4234972678,0.4863387978,0.5806010929,0,0.03278688525,0.04918032787,0.5505464481,0.09289617486,0.02459016393,0.1775956284,0.3046448087,0.3415300546,0.2540983607,0.7595628415,0.5928961749,0.9275956284,0.7677595628,0.2609289617,0.6912568306,0.3114754098,0.2923497268,0.5846994536,0.650273224,0.5273224044,1,0.8114754098,0.6448087432,0.9603825137,0.6584699454,0.3224043716,0.3387978142,0.4603825137,0.4303278689,0.3838797814,0.3032786885,0.3292349727,0.3797814208,0.5081967213,0.5054644809,0.4931693989,0.3715846995
Labour_Force_3_Health_occupations,0.3455377574,0.2814645309,0.4508009153,0.4919908467,0.3089244851,0.4736842105,0.08009153318,0.1327231121,0.1601830664,0.8993135011,0.3455377574,0.1693363844,0.5263157895,0.7368421053,0.5148741419,0.2654462243,0.5675057208,0.4828375286,0.6178489703,0.1739130435,0,0.6773455378,0.1670480549,0.1945080092,0.3913043478,0.5080091533,1,0.3707093822,0.6041189931,0.4324942792,0.4942791762,0.4622425629,0.2151029748,0.3661327231,0.3661327231,0.3135011442,0.2631578947,0.3844393593,0.5057208238,0.4897025172,0.6201372998,0.290617849,0.409610984,0.3363844394
Labour_Force_4_Occupations_in_education_law_and_social_community_and_government_services,0.04532577904,0.1293673277,0.4372049103,0.4579792257,0.3078375826,0.5165250236,0,0.007554296506,0.09820585458,0.7271010387,0.2417374882,0.1161473088,0.5684608121,0.7780925401,0.9754485364,0.5712936733,0.9461756374,0.7101038716,1,0.298394712,0.1671388102,0.4258734655,0.3616619452,0.5429650614,0.5184135977,0.8498583569,0.6185080264,0.3191690274,0.3748819641,0.2001888574,0.3097261568,0.447592068,0.2502360718,0.731822474,0.5033050047,0.7129367328,0.6628895184,0.4438149197,0.2577903683,0.2625118036,0.2502360718,0.1633616619,0.1274787535,0.05193578848
Labour_Force_5_Occupations_in_art_culture_recreation_and_sport,0.01258389262,0.03775167785,0.1644295302,0.1451342282,0.1677852349,0.2969798658,0,0.01174496644,0.01342281879,0.1770134228,0.08976510067,0.03355704698,0.119966443,0.2709731544,0.4832214765,0.3691275168,0.5771812081,0.9790268456,1,0.3280201342,0.2374161074,0.2063758389,0.2609060403,0.4001677852,0.2953020134,0.3884228188,0.2315436242,0.1510067114,0.1384228188,0.09983221477,0.08976510067,0.1736577181,0.110738255,0.4119127517,0.2290268456,0.6224832215,0.4966442953,0.2055369128,0.07718120805,0.06291946309,0.05033557047,0.05201342282,0.06879194631,0.03859060403
Labour_Force_6_Sales_and_service_occupations,0.5761212887,0.5243209097,0.5432722678,0.4864181933,0.3790271636,0.7144662034,0.3550221099,0.4775742262,0.3872394188,0.6449778901,0.6961465572,0.5268477574,0.510423247,0.2457359444,0.5571699305,0.9178774479,0.4712571068,1,0.843967151,0.1680353759,0,0.1219204043,0.5748578648,0.2823752369,0.2122552116,0.2962728996,0.2438408086,0.250157928,0.3872394188,0.176879343,0.5363234365,0.6197094125,0.3379658876,0.3506001263,0.6626658244,0.5085281112,0.3183828174,0.5363234365,0.8300694883,0.8307012003,0.7530006317,0.5590650663,0.7574226153,0.7239418825
Labour_Force_7_Trades_transport_and_equipment_operators_and_related_occupations,0.8461538462,0.7739212008,0.6594746717,0.5562851782,0.4108818011,0.7682926829,0.7335834897,0.6660412758,0.6876172608,0.6013133208,1,0.7983114447,0.4803001876,0.09662288931,0.3255159475,0.9990619137,0.2926829268,0.4643527205,0.3011257036,0.007504690432,0.01782363977,0,0.160412758,0.06378986867,0.00469043152,0.07598499062,0.1378986867,0.1031894934,0.2185741088,0.1275797373,0.3939962477,0.4727954972,0.3367729831,0.2664165103,0.4924953096,0.2148217636,0.1969981238,0.5722326454,0.6238273921,0.691369606,0.6257035647,0.4765478424,0.509380863,0.4849906191
Labour_Force_8_Natural_resources_agriculture_and_related_production_occupations,0.4406779661,0.6101694915,0.8983050847,0.7457627119,0.4745762712,0.9830508475,0.4576271186,0.5593220339,0.406779661,0.4745762712,0.7627118644,0.813559322,0.3050847458,0.406779661,0.7457627119,1,0.6779661017,0.6949152542,0.5762711864,0,0.05084745763,0.01694915254,0.2881355932,0.1694915254,0.1355932203,0.4237288136,0.406779661,0.1355932203,0.3898305085,0.1694915254,0.2711864407,0.406779661,0.3898305085,0.406779661,0.4237288136,0.6949152542,0.5084745763,0.7457627119,0.4745762712,0.5423728814,0.4915254237,0.2542372881,0.2881355932,0.2881355932
Labour_Force_9_Occupations_in_manufacturing_and_utilities,1.052407932,0.566572238,0.2464589235,0.2620396601,0.1487252125,0.3328611898,0.7776203966,1,0.7011331445,0.492917847,0.5991501416,0.5368271955,0.3696883853,0.06940509915,0.1657223796,0.440509915,0.1175637394,0.2648725212,0.1444759207,0,0.01274787535,0.01558073654,0.1090651558,0.06090651558,0.007082152975,0.0283286119,0.06515580737,0.07790368272,0.1968838527,0.1303116147,0.3172804533,0.2436260623,0.1968838527,0.0821529745,0.2393767705,0.1813031161,0.07223796034,0.3130311615,0.454674221,0.604815864,0.6388101983,0.6161473088,0.7393767705,0.8229461756
Labour_Force_Worked_at_home,0.04895104895,0.1142191142,0.4370629371,0.5244755245,0.3636363636,0.5559440559,0,0.01398601399,0.02680652681,0.4358974359,0.1386946387,0.06060606061,0.2937062937,0.7435897436,0.7494172494,0.3508158508,0.844988345,0.8251748252,1,0.4358974359,0.2797202797,0.4627039627,0.2494172494,0.4638694639,0.4825174825,0.7948717949,0.8368298368,0.4615384615,0.4731934732,0.4079254079,0.3158508159,0.4522144522,0.2692307692,0.6083916084,0.3205128205,0.7144522145,0.6818181818,0.3566433566,0.1375291375,0.175990676,0.1363636364,0.2342657343,0.2284382284,0.1456876457
Labour_Force_Worked_outside_Canada,0.1382978723,0.2021276596,0.3510638298,0.3510638298,0.2446808511,0.2659574468,0.07446808511,0.1170212766,0.03191489362,0.3936170213,0.1595744681,0,0.1170212766,0.3829787234,0.3510638298,0.2234042553,0.3723404255,0.3617021277,0.6382978723,0.5319148936,0.2021276596,0.6063829787,0.170212766,0.3617021277,0.6489361702,0.5744680851,0.8510638298,0.8404255319,1,0.6382978723,0.670212766,0.3829787234,0.2234042553,0.3085106383,0.2340425532,0.2021276596,0.2021276596,0.2765957447,0.2127659574,0.2872340426,0.2127659574,0.4255319149,0.3936170213,0.4787234043
Labour_Force_No_fixed_workplace_address,0.5181992337,0.4818007663,0.4616858238,0.4281609195,0.372605364,0.6666666667,0.4319923372,0.3994252874,0.4367816092,0.6245210728,0.7720306513,0.5756704981,0.4157088123,0.1551724138,0.4521072797,1,0.4300766284,0.6848659004,0.6695402299,0.1197318008,0,0.06896551724,0.2231800766,0.1446360153,0.06992337165,0.1867816092,0.1896551724,0.1992337165,0.3831417625,0.1618773946,0.3869731801,0.4501915709,0.2959770115,0.3400383142,0.4760536398,0.351532567,0.275862069,0.4252873563,0.4837164751,0.5948275862,0.495210728,0.3840996169,0.4530651341,0.382183908
Labour_Force_Worked_at_usual_place,0.2570733864,0.2475685234,0.4818744474,0.4372236958,0.2732095491,0.6611405836,0.07979664014,0.1215738285,0.1222369584,0.534040672,0.3317860301,0.1476569408,0.2944297082,0.3733421751,0.533377542,0.5380194518,0.6262157383,0.7973032714,1,0.3682581786,0,0.3373121132,0.2208222812,0.1445623342,0.2475685234,0.5026525199,0.383510168,0.2632625995,0.3220601238,0.1202475685,0.3704686118,0.4787798408,0.1209106985,0.3934571176,0.4557913351,0.4854111406,0.3397435897,0.384173298,0.4142351901,0.4398762157,0.4867374005,0.2864721485,0.3790893015,0.3355437666
Income_and_Shelter_Costs_Average_total_income_of_households_in_2015_dollar,0.06680797951,0.1192407842,0.2766790764,0.5609599948,0.2426456347,0.1574867116,0.08244743808,0,0.07184359465,0.1832727194,0.04264133078,0.06241257613,0.2151595687,0.8811465708,0.4825206051,0.08978566356,0.3018894317,0.106522628,0.2556058878,0.2211581915,0.2349846134,0.2258817706,0.03793389141,0.2289806107,0.2977199854,0.6061567927,1,0.1445049388,0.1804159762,0.200854333,0.1170403925,0.1561632486,0.3243883019,0.742543416,0.1108857518,0.2453732596,0.363898513,0.1882706751,0.04665475909,0.06721685425,0.06901913103,0.08835460199,0.1131022832,0.08933912931
Income_and_Shelter_Costs_Average_total_income_of_one_person_households_in_2015_dollar,0.06283649632,0.2007798666,0.4145098109,0.4869157708,0.4711395711,0.4468313449,0.1037079435,0,0.1204858068,0.2117623911,0.09728656519,0.07380113403,0.2550306759,0.7466506877,0.4552739371,0.1254046899,0.4561146189,0.2148568158,0.7641797986,0.8360312662,0.7604772211,0.7817983437,0.217772372,0.5163575223,0.622515964,0.9551218989,1,0.4162090615,0.456454469,0.4973974636,0.3263097644,0.4227019872,0.4195896757,0.8751676892,0.1905128159,0.4221117213,0.4236142165,0.2693222673,0.08616094586,0.1550253099,0.2015847747,0.1371205752,0.2180943352,0.1328098449
Income_and_Shelter_Costs_Market_income_percent,0.1481481481,0.3148148148,0.6388888889,0.7824074074,0.7175925926,0.6759259259,0.1759259259,0,0.2268518519,0.5787037037,0.2777777778,0.2314814815,0.5740740741,0.9398148148,0.8425925926,0.4490740741,0.8055555556,0.6851851852,0.8703703704,1,0.8657407407,0.9583333333,0.5833333333,0.8101851852,0.9212962963,0.9351851852,0.962962963,0.7407407407,0.7268518519,0.6388888889,0.5185185185,0.5601851852,0.6712962963,0.8935185185,0.4768518519,0.7453703704,0.8148148148,0.5277777778,0.3009259259,0.3101851852,0.337962963,0.3425925926,0.3009259259,0.2777777778
Income_and_Shelter_Costs_Employment_income_percent,0.2734693878,0.2244897959,0.2857142857,0.1510204082,0.4653061224,0.5306122449,0.2653061224,0.1469387755,0.2734693878,0.2489795918,0.3632653061,0.2204081633,0.2081632653,0.3224489796,0.3591836735,0.5591836735,0.587755102,0.6612244898,0.7510204082,1,0.7265306122,0.7714285714,0.4979591837,0.1959183673,0.2653061224,0.02448979592,0.2244897959,0.3795918367,0.2775510204,0,0.306122449,0.1836734694,0.4326530612,0.3591836735,0.4285714286,0.693877551,0.5918367347,0.2979591837,0.3795918367,0.306122449,0.2816326531,0.1346938776,0.08979591837,0.212244898
Income_and_Shelter_Costs_Wages_salaries_and_commissions_percent,0.4242424242,0.3446969697,0.3674242424,0.1666666667,0.4886363636,0.5568181818,0.4090909091,0.303030303,0.4204545455,0.1931818182,0.4659090909,0.3484848485,0.1893939394,0.1439393939,0.2689393939,0.6022727273,0.5378787879,0.6136363636,0.7159090909,1,0.6477272727,0.7992424242,0.5037878788,0.178030303,0.3295454545,0,0.1931818182,0.4166666667,0.3371212121,0.08712121212,0.3825757576,0.2727272727,0.375,0.3257575758,0.5265151515,0.6401515152,0.553030303,0.3787878788,0.5037878788,0.4393939394,0.4356060606,0.2537878788,0.2083333333,0.3484848485
Income_and_Shelter_Costs_Net_self_employment_income_percent,0,0.1149425287,0.2183908046,0.4482758621,0.3563218391,0.3333333333,0.03448275862,0.01149425287,0.02298850575,0.6551724138,0.1264367816,0.09195402299,0.5402298851,1,0.724137931,0.275862069,0.5517241379,0.5287356322,0.4712643678,0.3103448276,0.6091954023,0.275862069,0.3908045977,0.5402298851,0.275862069,0.5977011494,0.5862068966,0.3333333333,0.2873563218,0.2643678161,0.2298850575,0.2183908046,0.6091954023,0.5517241379,0.1379310345,0.5402298851,0.5172413793,0.2183908046,0.06896551724,0.04597701149,0,0.1379310345,0.1494252874,0.06896551724